{
	"course": {
		"name": "Cloud Application Development",
		"modules": {
			"module1": {
				"name": "Introduction to Server-Side JavaScript",
				"topics": ["Course Intro",
					"Module Introduction",
					"Introduction to Node.js",
					"Introduction to Server-Side Javascript",
					"Creating a Web Server with Node.js",
					"Working with Node.js Modules",
					"Lab - Introduction to Server-side JavaScript",
					"Module Summary",
					"Practice Quiz",
					"Graded Quiz"
				]
			},
			"module2": {
				"name": "Asynchronous IO with Callback Programming",
				"topics": ["Module Introduction",
					"Asynchronous I/O with Callback Programming",
					"Creating Callback Functions",
					"Promises",
					"Working with JSON",
					"Lab",
					"Module Summary",
					"Practice Quiz",
					"Graded Quiz"
				]
			},
			"module3": {
				"name": "Express Web Application Framework",
				"topics": ["Module Introduction",
					"Extending Node.js",
					"Express Web Application Framework",
					"Your first Express Web Application",
					"Routing, Middleware, and Templating",
					"Lab",
					"Module Summary",
					"Practice Quiz",
					"Graded Quiz"
				]
			},
			"module4": {
				"name": "Building a Rich Front-End Application using REACT & ES6",
				"topics": ["Module Introduction",
					"Introduction to ES6",
					"Introduction to Front End Frameworks and React.JS",
					"Working with React Components",
					"Passing Data and States between Components",
					"Connecting React App to External Services (WIP)",
					"Lab",
					"Module Summary",
					"Practice Quiz",
					"Graded Quiz"
				]
			}
		}

	}
}
